date,last2
2023-10-16,44
2023-11-01,63
2023-11-16,14
2023-12-01,91
2023-12-16,85
2023-12-30,89
2024-01-17,61
2024-02-01,09
2024-02-16,43
2024-03-01,79
2024-03-16,78
2024-04-01,90
2024-04-16,79
2024-05-02,17
2024-05-16,60
2024-06-01,42
2024-06-16,31
2024-07-01,89
2024-07-16,21
2024-08-01,46
2024-08-16,28
2024-09-01,94
2024-09-16,37
2024-10-01,59
2024-10-16,00
2024-11-01,32
2024-11-16,38
2024-12-01,61
2024-12-16,21
2025-01-02,51
2025-01-17,23
2025-02-01,51
2025-02-16,50
2025-03-01,54
2025-03-16,32
2025-04-01,36
2025-04-16,85
2025-05-02,06
2025-05-16,87
2025-06-01,20
2025-06-16,06
2025-07-01,91
2025-07-16,26
2025-08-01,50
2025-08-16,63
2025-09-01,31
2025-09-16,58
2025-10-01,77
2025-10-16,61
2025-11-01,87
2025-11-16,37
2025-12-01,22
2025-12-16,52
2026-01-02,16
2026-01-17,02
2026-02-01,48
2026-02-16,07
2026-03-01,06
2026-03-16,64
2026-04-01,47
2026-04-16,77
2026-05-02,43
2026-05-16,08
2026-06-01,95
2026-06-16,48
2026-07-01,62
2026-07-16,71
2026-08-01,69
2026-08-16,53
2026-09-01,04
2026-09-16,64
2026-10-01,70
